GeoName,Education,Age,Sex,Industry,Median Income
Canada,"College, CEGEP or other non-university certificate or diploma",15 to 29 years,Male,Science and science technology,40555
Canada,"College, CEGEP or other non-university certificate or diploma",15 to 29 years,Male,Engineering and engineering technology,53172
Canada,"College, CEGEP or other non-university certificate or diploma",15 to 29 years,Male,Mathematics and computer and information science,43431
Canada,"College, CEGEP or other non-university certificate or diploma",15 to 29 years,Male,Business and administration,39247
Canada,"College, CEGEP or other non-university certificate or diploma",15 to 29 years,Male,Arts and humanities,32856
Canada,"College, CEGEP or other non-university certificate or diploma",15 to 29 years,Male,Social and behavioural sciences,35049
Canada,"College, CEGEP or other non-university certificate or diploma",15 to 29 years,Male,Legal professions and studies,35925
Canada,"College, CEGEP or other non-university certificate or diploma",15 to 29 years,Male,Health care,44970
Canada,"College, CEGEP or other non-university certificate or diploma",15 to 29 years,Male,Education and teaching,36126
Canada,"College, CEGEP or other non-university certificate or diploma",15 to 29 years,Male,"Trades, services, natural resources and conservation",43702
Canada,"College, CEGEP or other non-university certificate or diploma",30 to 44 years,Male,Science and science technology,64667
Canada,"College, CEGEP or other non-university certificate or diploma",30 to 44 years,Male,Engineering and engineering technology,73628
Canada,"College, CEGEP or other non-university certificate or diploma",30 to 44 years,Male,Mathematics and computer and information science,65317
Canada,"College, CEGEP or other non-university certificate or diploma",30 to 44 years,Male,Business and administration,59076
Canada,"College, CEGEP or other non-university certificate or diploma",30 to 44 years,Male,Arts and humanities,50771
Canada,"College, CEGEP or other non-university certificate or diploma",30 to 44 years,Male,Social and behavioural sciences,54286
Canada,"College, CEGEP or other non-university certificate or diploma",30 to 44 years,Male,Legal professions and studies,57958
Canada,"College, CEGEP or other non-university certificate or diploma",30 to 44 years,Male,Health care,60475
Canada,"College, CEGEP or other non-university certificate or diploma",30 to 44 years,Male,Education and teaching,50169
Canada,"College, CEGEP or other non-university certificate or diploma",30 to 44 years,Male,"Trades, services, natural resources and conservation",65837
Canada,"College, CEGEP or other non-university certificate or diploma",45 to 59 years,Male,Science and science technology,72724
Canada,"College, CEGEP or other non-university certificate or diploma",45 to 59 years,Male,Engineering and engineering technology,80362
Canada,"College, CEGEP or other non-university certificate or diploma",45 to 59 years,Male,Mathematics and computer and information science,74556
Canada,"College, CEGEP or other non-university certificate or diploma",45 to 59 years,Male,Business and administration,68799
Canada,"College, CEGEP or other non-university certificate or diploma",45 to 59 years,Male,Arts and humanities,55478
Canada,"College, CEGEP or other non-university certificate or diploma",45 to 59 years,Male,Social and behavioural sciences,61765
Canada,"College, CEGEP or other non-university certificate or diploma",45 to 59 years,Male,Legal professions and studies,63913
Canada,"College, CEGEP or other non-university certificate or diploma",45 to 59 years,Male,Health care,66344
Canada,"College, CEGEP or other non-university certificate or diploma",45 to 59 years,Male,Education and teaching,59973
Canada,"College, CEGEP or other non-university certificate or diploma",45 to 59 years,Male,"Trades, services, natural resources and conservation",68754
Canada,"College, CEGEP or other non-university certificate or diploma",60 years and over,Male,Science and science technology,58658
Canada,"College, CEGEP or other non-university certificate or diploma",60 years and over,Male,Engineering and engineering technology,68383
Canada,"College, CEGEP or other non-university certificate or diploma",60 years and over,Male,Mathematics and computer and information science,60753
Canada,"College, CEGEP or other non-university certificate or diploma",60 years and over,Male,Business and administration,55219
Canada,"College, CEGEP or other non-university certificate or diploma",60 years and over,Male,Arts and humanities,46270
Canada,"College, CEGEP or other non-university certificate or diploma",60 years and over,Male,Social and behavioural sciences,51712
Canada,"College, CEGEP or other non-university certificate or diploma",60 years and over,Male,Legal professions and studies,48628
Canada,"College, CEGEP or other non-university certificate or diploma",60 years and over,Male,Health care,53803
Canada,"College, CEGEP or other non-university certificate or diploma",60 years and over,Male,Education and teaching,49267
Canada,"College, CEGEP or other non-university certificate or diploma",60 years and over,Male,"Trades, services, natural resources and conservation",54491
Canada,"College, CEGEP or other non-university certificate or diploma",15 to 29 years,Female,Science and science technology,37917
Canada,"College, CEGEP or other non-university certificate or diploma",15 to 29 years,Female,Engineering and engineering technology,45797
Canada,"College, CEGEP or other non-university certificate or diploma",15 to 29 years,Female,Mathematics and computer and information science,36231
Canada,"College, CEGEP or other non-university certificate or diploma",15 to 29 years,Female,Business and administration,35833
Canada,"College, CEGEP or other non-university certificate or diploma",15 to 29 years,Female,Arts and humanities,30378
Canada,"College, CEGEP or other non-university certificate or diploma",15 to 29 years,Female,Social and behavioural sciences,31788
Canada,"College, CEGEP or other non-university certificate or diploma",15 to 29 years,Female,Legal professions and studies,37589
Canada,"College, CEGEP or other non-university certificate or diploma",15 to 29 years,Female,Health care,37548
Canada,"College, CEGEP or other non-university certificate or diploma",15 to 29 years,Female,Education and teaching,31058
Canada,"College, CEGEP or other non-university certificate or diploma",15 to 29 years,Female,"Trades, services, natural resources and conservation",31228
Canada,"College, CEGEP or other non-university certificate or diploma",30 to 44 years,Female,Science and science technology,51925
Canada,"College, CEGEP or other non-university certificate or diploma",30 to 44 years,Female,Engineering and engineering technology,57486
Canada,"College, CEGEP or other non-university certificate or diploma",30 to 44 years,Female,Mathematics and computer and information science,49021
Canada,"College, CEGEP or other non-university certificate or diploma",30 to 44 years,Female,Business and administration,46704
Canada,"College, CEGEP or other non-university certificate or diploma",30 to 44 years,Female,Arts and humanities,42279
Canada,"College, CEGEP or other non-university certificate or diploma",30 to 44 years,Female,Social and behavioural sciences,39226
Canada,"College, CEGEP or other non-university certificate or diploma",30 to 44 years,Female,Legal professions and studies,48746
Canada,"College, CEGEP or other non-university certificate or diploma",30 to 44 years,Female,Health care,46034
Canada,"College, CEGEP or other non-university certificate or diploma",30 to 44 years,Female,Education and teaching,39442
Canada,"College, CEGEP or other non-university certificate or diploma",30 to 44 years,Female,"Trades, services, natural resources and conservation",44710
Canada,"College, CEGEP or other non-university certificate or diploma",45 to 59 years,Female,Science and science technology,61437
Canada,"College, CEGEP or other non-university certificate or diploma",45 to 59 years,Female,Engineering and engineering technology,59589
Canada,"College, CEGEP or other non-university certificate or diploma",45 to 59 years,Female,Mathematics and computer and information science,60198
Canada,"College, CEGEP or other non-university certificate or diploma",45 to 59 years,Female,Business and administration,51351
Canada,"College, CEGEP or other non-university certificate or diploma",45 to 59 years,Female,Arts and humanities,46519
Canada,"College, CEGEP or other non-university certificate or diploma",45 to 59 years,Female,Social and behavioural sciences,43939
Canada,"College, CEGEP or other non-university certificate or diploma",45 to 59 years,Female,Legal professions and studies,55263
Canada,"College, CEGEP or other non-university certificate or diploma",45 to 59 years,Female,Health care,52869
Canada,"College, CEGEP or other non-university certificate or diploma",45 to 59 years,Female,Education and teaching,43498
Canada,"College, CEGEP or other non-university certificate or diploma",45 to 59 years,Female,"Trades, services, natural resources and conservation",46582
Canada,"College, CEGEP or other non-university certificate or diploma",60 years and over,Female,Science and science technology,53312
Canada,"College, CEGEP or other non-university certificate or diploma",60 years and over,Female,Engineering and engineering technology,52315
Canada,"College, CEGEP or other non-university certificate or diploma",60 years and over,Female,Mathematics and computer and information science,50950
Canada,"College, CEGEP or other non-university certificate or diploma",60 years and over,Female,Business and administration,48064
Canada,"College, CEGEP or other non-university certificate or diploma",60 years and over,Female,Arts and humanities,42251
Canada,"College, CEGEP or other non-university certificate or diploma",60 years and over,Female,Social and behavioural sciences,42760
Canada,"College, CEGEP or other non-university certificate or diploma",60 years and over,Female,Legal professions and studies,54155
Canada,"College, CEGEP or other non-university certificate or diploma",60 years and over,Female,Health care,49105
Canada,"College, CEGEP or other non-university certificate or diploma",60 years and over,Female,Education and teaching,40774
Canada,"College, CEGEP or other non-university certificate or diploma",60 years and over,Female,"Trades, services, natural resources and conservation",41230
Canada,"University certificate, diploma or degree at bachelor level or above",15 to 29 years,Male,Science and science technology,43698
Canada,"University certificate, diploma or degree at bachelor level or above",15 to 29 years,Male,Engineering and engineering technology,65352
Canada,"University certificate, diploma or degree at bachelor level or above",15 to 29 years,Male,Mathematics and computer and information science,58884
Canada,"University certificate, diploma or degree at bachelor level or above",15 to 29 years,Male,Business and administration,51821
Canada,"University certificate, diploma or degree at bachelor level or above",15 to 29 years,Male,Arts and humanities,38490
Canada,"University certificate, diploma or degree at bachelor level or above",15 to 29 years,Male,Social and behavioural sciences,45307
Canada,"University certificate, diploma or degree at bachelor level or above",15 to 29 years,Male,Legal professions and studies,57034
Canada,"University certificate, diploma or degree at bachelor level or above",15 to 29 years,Male,Health care,64185
Canada,"University certificate, diploma or degree at bachelor level or above",15 to 29 years,Male,Education and teaching,48786
Canada,"University certificate, diploma or degree at bachelor level or above",15 to 29 years,Male,"Trades, services, natural resources and conservation",48431
Canada,"University certificate, diploma or degree at bachelor level or above",30 to 44 years,Male,Science and science technology,76047
Canada,"University certificate, diploma or degree at bachelor level or above",30 to 44 years,Male,Engineering and engineering technology,89356
Canada,"University certificate, diploma or degree at bachelor level or above",30 to 44 years,Male,Mathematics and computer and information science,82535
Canada,"University certificate, diploma or degree at bachelor level or above",30 to 44 years,Male,Business and administration,83475
Canada,"University certificate, diploma or degree at bachelor level or above",30 to 44 years,Male,Arts and humanities,59274
Canada,"University certificate, diploma or degree at bachelor level or above",30 to 44 years,Male,Social and behavioural sciences,73098
Canada,"University certificate, diploma or degree at bachelor level or above",30 to 44 years,Male,Legal professions and studies,99966
Canada,"University certificate, diploma or degree at bachelor level or above",30 to 44 years,Male,Health care,83718
Canada,"University certificate, diploma or degree at bachelor level or above",30 to 44 years,Male,Education and teaching,76983
Canada,"University certificate, diploma or degree at bachelor level or above",30 to 44 years,Male,"Trades, services, natural resources and conservation",72131
Canada,"University certificate, diploma or degree at bachelor level or above",45 to 59 years,Male,Science and science technology,90362
Canada,"University certificate, diploma or degree at bachelor level or above",45 to 59 years,Male,Engineering and engineering technology,98661
Canada,"University certificate, diploma or degree at bachelor level or above",45 to 59 years,Male,Mathematics and computer and information science,95305
Canada,"University certificate, diploma or degree at bachelor level or above",45 to 59 years,Male,Business and administration,101022
Canada,"University certificate, diploma or degree at bachelor level or above",45 to 59 years,Male,Arts and humanities,70964
Canada,"University certificate, diploma or degree at bachelor level or above",45 to 59 years,Male,Social and behavioural sciences,86834
Canada,"University certificate, diploma or degree at bachelor level or above",45 to 59 years,Male,Legal professions and studies,126746
Canada,"University certificate, diploma or degree at bachelor level or above",45 to 59 years,Male,Health care,97696
Canada,"University certificate, diploma or degree at bachelor level or above",45 to 59 years,Male,Education and teaching,88132
Canada,"University certificate, diploma or degree at bachelor level or above",45 to 59 years,Male,"Trades, services, natural resources and conservation",83346
Canada,"University certificate, diploma or degree at bachelor level or above",60 years and over,Male,Science and science technology,85188
Canada,"University certificate, diploma or degree at bachelor level or above",60 years and over,Male,Engineering and engineering technology,90889
Canada,"University certificate, diploma or degree at bachelor level or above",60 years and over,Male,Mathematics and computer and information science,93314
Canada,"University certificate, diploma or degree at bachelor level or above",60 years and over,Male,Business and administration,83429
Canada,"University certificate, diploma or degree at bachelor level or above",60 years and over,Male,Arts and humanities,61174
Canada,"University certificate, diploma or degree at bachelor level or above",60 years and over,Male,Social and behavioural sciences,74062
Canada,"University certificate, diploma or degree at bachelor level or above",60 years and over,Male,Legal professions and studies,115562
Canada,"University certificate, diploma or degree at bachelor level or above",60 years and over,Male,Health care,104973
Canada,"University certificate, diploma or degree at bachelor level or above",60 years and over,Male,Education and teaching,73664
Canada,"University certificate, diploma or degree at bachelor level or above",60 years and over,Male,"Trades, services, natural resources and conservation",74095
Canada,"University certificate, diploma or degree at bachelor level or above",15 to 29 years,Female,Science and science technology,41201
Canada,"University certificate, diploma or degree at bachelor level or above",15 to 29 years,Female,Engineering and engineering technology,63205
Canada,"University certificate, diploma or degree at bachelor level or above",15 to 29 years,Female,Mathematics and computer and information science,53655
Canada,"University certificate, diploma or degree at bachelor level or above",15 to 29 years,Female,Business and administration,48331
Canada,"University certificate, diploma or degree at bachelor level or above",15 to 29 years,Female,Arts and humanities,37541
Canada,"University certificate, diploma or degree at bachelor level or above",15 to 29 years,Female,Social and behavioural sciences,41716
Canada,"University certificate, diploma or degree at bachelor level or above",15 to 29 years,Female,Legal professions and studies,48866
Canada,"University certificate, diploma or degree at bachelor level or above",15 to 29 years,Female,Health care,66972
Canada,"University certificate, diploma or degree at bachelor level or above",15 to 29 years,Female,Education and teaching,47111
Canada,"University certificate, diploma or degree at bachelor level or above",15 to 29 years,Female,"Trades, services, natural resources and conservation",46356
Canada,"University certificate, diploma or degree at bachelor level or above",30 to 44 years,Female,Science and science technology,66328
Canada,"University certificate, diploma or degree at bachelor level or above",30 to 44 years,Female,Engineering and engineering technology,79740
Canada,"University certificate, diploma or degree at bachelor level or above",30 to 44 years,Female,Mathematics and computer and information science,70552
Canada,"University certificate, diploma or degree at bachelor level or above",30 to 44 years,Female,Business and administration,67376
Canada,"University certificate, diploma or degree at bachelor level or above",30 to 44 years,Female,Arts and humanities,53092
Canada,"University certificate, diploma or degree at bachelor level or above",30 to 44 years,Female,Social and behavioural sciences,61514
Canada,"University certificate, diploma or degree at bachelor level or above",30 to 44 years,Female,Legal professions and studies,85257
Canada,"University certificate, diploma or degree at bachelor level or above",30 to 44 years,Female,Health care,79103
Canada,"University certificate, diploma or degree at bachelor level or above",30 to 44 years,Female,Education and teaching,70710
Canada,"University certificate, diploma or degree at bachelor level or above",30 to 44 years,Female,"Trades, services, natural resources and conservation",66145
Canada,"University certificate, diploma or degree at bachelor level or above",45 to 59 years,Female,Science and science technology,75383
Canada,"University certificate, diploma or degree at bachelor level or above",45 to 59 years,Female,Engineering and engineering technology,75865
Canada,"University certificate, diploma or degree at bachelor level or above",45 to 59 years,Female,Mathematics and computer and information science,83746
Canada,"University certificate, diploma or degree at bachelor level or above",45 to 59 years,Female,Business and administration,79492
Canada,"University certificate, diploma or degree at bachelor level or above",45 to 59 years,Female,Arts and humanities,62215
Canada,"University certificate, diploma or degree at bachelor level or above",45 to 59 years,Female,Social and behavioural sciences,71730
Canada,"University certificate, diploma or degree at bachelor level or above",45 to 59 years,Female,Legal professions and studies,110240
Canada,"University certificate, diploma or degree at bachelor level or above",45 to 59 years,Female,Health care,87219
Canada,"University certificate, diploma or degree at bachelor level or above",45 to 59 years,Female,Education and teaching,80304
Canada,"University certificate, diploma or degree at bachelor level or above",45 to 59 years,Female,"Trades, services, natural resources and conservation",75283
Canada,"University certificate, diploma or degree at bachelor level or above",60 years and over,Female,Science and science technology,70497
Canada,"University certificate, diploma or degree at bachelor level or above",60 years and over,Female,Engineering and engineering technology,63508
Canada,"University certificate, diploma or degree at bachelor level or above",60 years and over,Female,Mathematics and computer and information science,82506
Canada,"University certificate, diploma or degree at bachelor level or above",60 years and over,Female,Business and administration,68258
Canada,"University certificate, diploma or degree at bachelor level or above",60 years and over,Female,Arts and humanities,58871
Canada,"University certificate, diploma or degree at bachelor level or above",60 years and over,Female,Social and behavioural sciences,65069
Canada,"University certificate, diploma or degree at bachelor level or above",60 years and over,Female,Legal professions and studies,115046
Canada,"University certificate, diploma or degree at bachelor level or above",60 years and over,Female,Health care,89498
Canada,"University certificate, diploma or degree at bachelor level or above",60 years and over,Female,Education and teaching,75644
Canada,"University certificate, diploma or degree at bachelor level or above",60 years and over,Female,"Trades, services, natural resources and conservation",75481
Canada,Bachelor's degree,15 to 29 years,Male,Science and science technology,44048
Canada,Bachelor's degree,15 to 29 years,Male,Engineering and engineering technology,65984
Canada,Bachelor's degree,15 to 29 years,Male,Mathematics and computer and information science,58805
Canada,Bachelor's degree,15 to 29 years,Male,Business and administration,50698
Canada,Bachelor's degree,15 to 29 years,Male,Arts and humanities,38622
Canada,Bachelor's degree,15 to 29 years,Male,Social and behavioural sciences,44681
Canada,Bachelor's degree,15 to 29 years,Male,Legal professions and studies,51951
Canada,Bachelor's degree,15 to 29 years,Male,Health care,62983
Canada,Bachelor's degree,15 to 29 years,Male,Education and teaching,48567
Canada,Bachelor's degree,15 to 29 years,Male,"Trades, services, natural resources and conservation",47403
Canada,Bachelor's degree,30 to 44 years,Male,Science and science technology,75687
Canada,Bachelor's degree,30 to 44 years,Male,Engineering and engineering technology,89222
Canada,Bachelor's degree,30 to 44 years,Male,Mathematics and computer and information science,81896
Canada,Bachelor's degree,30 to 44 years,Male,Business and administration,78225
Canada,Bachelor's degree,30 to 44 years,Male,Arts and humanities,58825
Canada,Bachelor's degree,30 to 44 years,Male,Social and behavioural sciences,71727
Canada,Bachelor's degree,30 to 44 years,Male,Legal professions and studies,98572
Canada,Bachelor's degree,30 to 44 years,Male,Health care,83614
Canada,Bachelor's degree,30 to 44 years,Male,Education and teaching,73994
Canada,Bachelor's degree,30 to 44 years,Male,"Trades, services, natural resources and conservation",70807
Canada,Bachelor's degree,45 to 59 years,Male,Science and science technology,84470
Canada,Bachelor's degree,45 to 59 years,Male,Engineering and engineering technology,96258
Canada,Bachelor's degree,45 to 59 years,Male,Mathematics and computer and information science,94812
Canada,Bachelor's degree,45 to 59 years,Male,Business and administration,91888
Canada,Bachelor's degree,45 to 59 years,Male,Arts and humanities,68703
Canada,Bachelor's degree,45 to 59 years,Male,Social and behavioural sciences,84223
Canada,Bachelor's degree,45 to 59 years,Male,Legal professions and studies,123281
Canada,Bachelor's degree,45 to 59 years,Male,Health care,90016
Canada,Bachelor's degree,45 to 59 years,Male,Education and teaching,81969
Canada,Bachelor's degree,45 to 59 years,Male,"Trades, services, natural resources and conservation",79743
Canada,Bachelor's degree,60 years and over,Male,Science and science technology,70101
Canada,Bachelor's degree,60 years and over,Male,Engineering and engineering technology,85992
Canada,Bachelor's degree,60 years and over,Male,Mathematics and computer and information science,88268
Canada,Bachelor's degree,60 years and over,Male,Business and administration,74085
Canada,Bachelor's degree,60 years and over,Male,Arts and humanities,55884
Canada,Bachelor's degree,60 years and over,Male,Social and behavioural sciences,65310
Canada,Bachelor's degree,60 years and over,Male,Legal professions and studies,117813
Canada,Bachelor's degree,60 years and over,Male,Health care,83306
Canada,Bachelor's degree,60 years and over,Male,Education and teaching,64788
Canada,Bachelor's degree,60 years and over,Male,"Trades, services, natural resources and conservation",66447
Canada,Bachelor's degree,15 to 29 years,Female,Science and science technology,40779
Canada,Bachelor's degree,15 to 29 years,Female,Engineering and engineering technology,64989
Canada,Bachelor's degree,15 to 29 years,Female,Mathematics and computer and information science,53453
Canada,Bachelor's degree,15 to 29 years,Female,Business and administration,47479
Canada,Bachelor's degree,15 to 29 years,Female,Arts and humanities,37457
Canada,Bachelor's degree,15 to 29 years,Female,Social and behavioural sciences,41070
Canada,Bachelor's degree,15 to 29 years,Female,Legal professions and studies,46102
Canada,Bachelor's degree,15 to 29 years,Female,Health care,68463
Canada,Bachelor's degree,15 to 29 years,Female,Education and teaching,46713
Canada,Bachelor's degree,15 to 29 years,Female,"Trades, services, natural resources and conservation",44445
Canada,Bachelor's degree,30 to 44 years,Female,Science and science technology,65133
Canada,Bachelor's degree,30 to 44 years,Female,Engineering and engineering technology,79132
Canada,Bachelor's degree,30 to 44 years,Female,Mathematics and computer and information science,68715
Canada,Bachelor's degree,30 to 44 years,Female,Business and administration,62742
Canada,Bachelor's degree,30 to 44 years,Female,Arts and humanities,52640
Canada,Bachelor's degree,30 to 44 years,Female,Social and behavioural sciences,59682
Canada,Bachelor's degree,30 to 44 years,Female,Legal professions and studies,83657
Canada,Bachelor's degree,30 to 44 years,Female,Health care,79108
Canada,Bachelor's degree,30 to 44 years,Female,Education and teaching,68001
Canada,Bachelor's degree,30 to 44 years,Female,"Trades, services, natural resources and conservation",62853
Canada,Bachelor's degree,45 to 59 years,Female,Science and science technology,69817
Canada,Bachelor's degree,45 to 59 years,Female,Engineering and engineering technology,68852
Canada,Bachelor's degree,45 to 59 years,Female,Mathematics and computer and information science,83225
Canada,Bachelor's degree,45 to 59 years,Female,Business and administration,71573
Canada,Bachelor's degree,45 to 59 years,Female,Arts and humanities,59971
Canada,Bachelor's degree,45 to 59 years,Female,Social and behavioural sciences,67927
Canada,Bachelor's degree,45 to 59 years,Female,Legal professions and studies,106204
Canada,Bachelor's degree,45 to 59 years,Female,Health care,85088
Canada,Bachelor's degree,45 to 59 years,Female,Education and teaching,77097
Canada,Bachelor's degree,45 to 59 years,Female,"Trades, services, natural resources and conservation",70435
Canada,Bachelor's degree,60 years and over,Female,Science and science technology,60124
Canada,Bachelor's degree,60 years and over,Female,Engineering and engineering technology,56467
Canada,Bachelor's degree,60 years and over,Female,Mathematics and computer and information science,72189
Canada,Bachelor's degree,60 years and over,Female,Business and administration,58672
Canada,Bachelor's degree,60 years and over,Female,Arts and humanities,54267
Canada,Bachelor's degree,60 years and over,Female,Social and behavioural sciences,58858
Canada,Bachelor's degree,60 years and over,Female,Legal professions and studies,113466
Canada,Bachelor's degree,60 years and over,Female,Health care,85254
Canada,Bachelor's degree,60 years and over,Female,Education and teaching,66336
Canada,Bachelor's degree,60 years and over,Female,"Trades, services, natural resources and conservation",68160
Canada,Master's degree,15 to 29 years,Male,Science and science technology,42764
Canada,Master's degree,15 to 29 years,Male,Engineering and engineering technology,62887
Canada,Master's degree,15 to 29 years,Male,Mathematics and computer and information science,60803
Canada,Master's degree,15 to 29 years,Male,Business and administration,61426
Canada,Master's degree,15 to 29 years,Male,Arts and humanities,37935
Canada,Master's degree,15 to 29 years,Male,Social and behavioural sciences,52592
Canada,Master's degree,15 to 29 years,Male,Legal professions and studies,56487
Canada,Master's degree,15 to 29 years,Male,Health care,64542
Canada,Master's degree,15 to 29 years,Male,Education and teaching,55047
Canada,Master's degree,15 to 29 years,Male,"Trades, services, natural resources and conservation",53831
Canada,Master's degree,30 to 44 years,Male,Science and science technology,76413
Canada,Master's degree,30 to 44 years,Male,Engineering and engineering technology,90939
Canada,Master's degree,30 to 44 years,Male,Mathematics and computer and information science,84513
Canada,Master's degree,30 to 44 years,Male,Business and administration,95404
Canada,Master's degree,30 to 44 years,Male,Arts and humanities,59444
Canada,Master's degree,30 to 44 years,Male,Social and behavioural sciences,76938
Canada,Master's degree,30 to 44 years,Male,Legal professions and studies,97551
Canada,Master's degree,30 to 44 years,Male,Health care,83611
Canada,Master's degree,30 to 44 years,Male,Education and teaching,86744
Canada,Master's degree,30 to 44 years,Male,"Trades, services, natural resources and conservation",74717
Canada,Master's degree,45 to 59 years,Male,Science and science technology,89211
Canada,Master's degree,45 to 59 years,Male,Engineering and engineering technology,104294
Canada,Master's degree,45 to 59 years,Male,Mathematics and computer and information science,94185
Canada,Master's degree,45 to 59 years,Male,Business and administration,116472
Canada,Master's degree,45 to 59 years,Male,Arts and humanities,70489
Canada,Master's degree,45 to 59 years,Male,Social and behavioural sciences,91147
Canada,Master's degree,45 to 59 years,Male,Legal professions and studies,128320
Canada,Master's degree,45 to 59 years,Male,Health care,100282
Canada,Master's degree,45 to 59 years,Male,Education and teaching,95946
Canada,Master's degree,45 to 59 years,Male,"Trades, services, natural resources and conservation",91209
Canada,Master's degree,60 years and over,Male,Science and science technology,84819
Canada,Master's degree,60 years and over,Male,Engineering and engineering technology,100226
Canada,Master's degree,60 years and over,Male,Mathematics and computer and information science,96054
Canada,Master's degree,60 years and over,Male,Business and administration,102890
Canada,Master's degree,60 years and over,Male,Arts and humanities,62807
Canada,Master's degree,60 years and over,Male,Social and behavioural sciences,79287
Canada,Master's degree,60 years and over,Male,Legal professions and studies,121621
Canada,Master's degree,60 years and over,Male,Health care,96257
Canada,Master's degree,60 years and over,Male,Education and teaching,84828
Canada,Master's degree,60 years and over,Male,"Trades, services, natural resources and conservation",83675
Canada,Master's degree,15 to 29 years,Female,Science and science technology,44139
Canada,Master's degree,15 to 29 years,Female,Engineering and engineering technology,58922
Canada,Master's degree,15 to 29 years,Female,Mathematics and computer and information science,58514
Canada,Master's degree,15 to 29 years,Female,Business and administration,55535
Canada,Master's degree,15 to 29 years,Female,Arts and humanities,38398
Canada,Master's degree,15 to 29 years,Female,Social and behavioural sciences,49141
Canada,Master's degree,15 to 29 years,Female,Legal professions and studies,52157
Canada,Master's degree,15 to 29 years,Female,Health care,60876
Canada,Master's degree,15 to 29 years,Female,Education and teaching,48949
Canada,Master's degree,15 to 29 years,Female,"Trades, services, natural resources and conservation",51868
Canada,Master's degree,30 to 44 years,Female,Science and science technology,68777
Canada,Master's degree,30 to 44 years,Female,Engineering and engineering technology,82602
Canada,Master's degree,30 to 44 years,Female,Mathematics and computer and information science,74401
Canada,Master's degree,30 to 44 years,Female,Business and administration,79860
Canada,Master's degree,30 to 44 years,Female,Arts and humanities,53686
Canada,Master's degree,30 to 44 years,Female,Social and behavioural sciences,67680
Canada,Master's degree,30 to 44 years,Female,Legal professions and studies,86242
Canada,Master's degree,30 to 44 years,Female,Health care,79525
Canada,Master's degree,30 to 44 years,Female,Education and teaching,78102
Canada,Master's degree,30 to 44 years,Female,"Trades, services, natural resources and conservation",70357
Canada,Master's degree,45 to 59 years,Female,Science and science technology,80646
Canada,Master's degree,45 to 59 years,Female,Engineering and engineering technology,87626
Canada,Master's degree,45 to 59 years,Female,Mathematics and computer and information science,84201
Canada,Master's degree,45 to 59 years,Female,Business and administration,101859
Canada,Master's degree,45 to 59 years,Female,Arts and humanities,68265
Canada,Master's degree,45 to 59 years,Female,Social and behavioural sciences,79267
Canada,Master's degree,45 to 59 years,Female,Legal professions and studies,121990
Canada,Master's degree,45 to 59 years,Female,Health care,96333
Canada,Master's degree,45 to 59 years,Female,Education and teaching,89844
Canada,Master's degree,45 to 59 years,Female,"Trades, services, natural resources and conservation",83394
Canada,Master's degree,60 years and over,Female,Science and science technology,80161
Canada,Master's degree,60 years and over,Female,Engineering and engineering technology,77406
Canada,Master's degree,60 years and over,Female,Mathematics and computer and information science,88792
Canada,Master's degree,60 years and over,Female,Business and administration,96789
Canada,Master's degree,60 years and over,Female,Arts and humanities,65062
Canada,Master's degree,60 years and over,Female,Social and behavioural sciences,73695
Canada,Master's degree,60 years and over,Female,Legal professions and studies,144051
Canada,Master's degree,60 years and over,Female,Health care,98699
Canada,Master's degree,60 years and over,Female,Education and teaching,86976
Canada,Master's degree,60 years and over,Female,"Trades, services, natural resources and conservation",83551
Canada,Earned doctorate,15 to 29 years,Male,Science and science technology,24818
Canada,Earned doctorate,15 to 29 years,Male,Engineering and engineering technology,26329
Canada,Earned doctorate,15 to 29 years,Male,Mathematics and computer and information science,43185
Canada,Earned doctorate,15 to 29 years,Male,Business and administration,0
Canada,Earned doctorate,15 to 29 years,Male,Arts and humanities,0
Canada,Earned doctorate,15 to 29 years,Male,Social and behavioural sciences,28930
Canada,Earned doctorate,15 to 29 years,Male,Legal professions and studies,76578
Canada,Earned doctorate,15 to 29 years,Male,Health care,84632
Canada,Earned doctorate,15 to 29 years,Male,Education and teaching,0
Canada,Earned doctorate,15 to 29 years,Male,"Trades, services, natural resources and conservation",0
Canada,Earned doctorate,30 to 44 years,Male,Science and science technology,79129
Canada,Earned doctorate,30 to 44 years,Male,Engineering and engineering technology,91956
Canada,Earned doctorate,30 to 44 years,Male,Mathematics and computer and information science,97973
Canada,Earned doctorate,30 to 44 years,Male,Business and administration,122618
Canada,Earned doctorate,30 to 44 years,Male,Arts and humanities,76821
Canada,Earned doctorate,30 to 44 years,Male,Social and behavioural sciences,93530
Canada,Earned doctorate,30 to 44 years,Male,Legal professions and studies,119499
Canada,Earned doctorate,30 to 44 years,Male,Health care,79558
Canada,Earned doctorate,30 to 44 years,Male,Education and teaching,86959
Canada,Earned doctorate,30 to 44 years,Male,"Trades, services, natural resources and conservation",82109
Canada,Earned doctorate,45 to 59 years,Male,Science and science technology,113322
Canada,Earned doctorate,45 to 59 years,Male,Engineering and engineering technology,126273
Canada,Earned doctorate,45 to 59 years,Male,Mathematics and computer and information science,123676
Canada,Earned doctorate,45 to 59 years,Male,Business and administration,143143
Canada,Earned doctorate,45 to 59 years,Male,Arts and humanities,100966
Canada,Earned doctorate,45 to 59 years,Male,Social and behavioural sciences,120857
Canada,Earned doctorate,45 to 59 years,Male,Legal professions and studies,141992
Canada,Earned doctorate,45 to 59 years,Male,Health care,98011
Canada,Earned doctorate,45 to 59 years,Male,Education and teaching,108794
Canada,Earned doctorate,45 to 59 years,Male,"Trades, services, natural resources and conservation",97172
Canada,Earned doctorate,60 years and over,Male,Science and science technology,130941
Canada,Earned doctorate,60 years and over,Male,Engineering and engineering technology,131470
Canada,Earned doctorate,60 years and over,Male,Mathematics and computer and information science,133741
Canada,Earned doctorate,60 years and over,Male,Business and administration,145572
Canada,Earned doctorate,60 years and over,Male,Arts and humanities,91152
Canada,Earned doctorate,60 years and over,Male,Social and behavioural sciences,138503
Canada,Earned doctorate,60 years and over,Male,Legal professions and studies,121496
Canada,Earned doctorate,60 years and over,Male,Health care,96174
Canada,Earned doctorate,60 years and over,Male,Education and teaching,108543
Canada,Earned doctorate,60 years and over,Male,"Trades, services, natural resources and conservation",110040
Canada,Earned doctorate,15 to 29 years,Female,Science and science technology,34134
Canada,Earned doctorate,15 to 29 years,Female,Engineering and engineering technology,46619
Canada,Earned doctorate,15 to 29 years,Female,Mathematics and computer and information science,0
Canada,Earned doctorate,15 to 29 years,Female,Business and administration,0
Canada,Earned doctorate,15 to 29 years,Female,Arts and humanities,0
Canada,Earned doctorate,15 to 29 years,Female,Social and behavioural sciences,50702
Canada,Earned doctorate,15 to 29 years,Female,Legal professions and studies,74636
Canada,Earned doctorate,15 to 29 years,Female,Health care,77688
Canada,Earned doctorate,15 to 29 years,Female,Education and teaching,0
Canada,Earned doctorate,15 to 29 years,Female,"Trades, services, natural resources and conservation",0
Canada,Earned doctorate,30 to 44 years,Female,Science and science technology,70799
Canada,Earned doctorate,30 to 44 years,Female,Engineering and engineering technology,83603
Canada,Earned doctorate,30 to 44 years,Female,Mathematics and computer and information science,82452
Canada,Earned doctorate,30 to 44 years,Female,Business and administration,108878
Canada,Earned doctorate,30 to 44 years,Female,Arts and humanities,75876
Canada,Earned doctorate,30 to 44 years,Female,Social and behavioural sciences,83009
Canada,Earned doctorate,30 to 44 years,Female,Legal professions and studies,104114
Canada,Earned doctorate,30 to 44 years,Female,Health care,91188
Canada,Earned doctorate,30 to 44 years,Female,Education and teaching,84777
Canada,Earned doctorate,30 to 44 years,Female,"Trades, services, natural resources and conservation",83911
Canada,Earned doctorate,45 to 59 years,Female,Science and science technology,101711
Canada,Earned doctorate,45 to 59 years,Female,Engineering and engineering technology,113487
Canada,Earned doctorate,45 to 59 years,Female,Mathematics and computer and information science,108325
Canada,Earned doctorate,45 to 59 years,Female,Business and administration,130079
Canada,Earned doctorate,45 to 59 years,Female,Arts and humanities,96802
Canada,Earned doctorate,45 to 59 years,Female,Social and behavioural sciences,111040
Canada,Earned doctorate,45 to 59 years,Female,Legal professions and studies,130548
Canada,Earned doctorate,45 to 59 years,Female,Health care,110456
Canada,Earned doctorate,45 to 59 years,Female,Education and teaching,103532
Canada,Earned doctorate,45 to 59 years,Female,"Trades, services, natural resources and conservation",103414
Canada,Earned doctorate,60 years and over,Female,Science and science technology,114514
Canada,Earned doctorate,60 years and over,Female,Engineering and engineering technology,107355
Canada,Earned doctorate,60 years and over,Female,Mathematics and computer and information science,106393
Canada,Earned doctorate,60 years and over,Female,Business and administration,146498
Canada,Earned doctorate,60 years and over,Female,Arts and humanities,104400
Canada,Earned doctorate,60 years and over,Female,Social and behavioural sciences,116494
Canada,Earned doctorate,60 years and over,Female,Legal professions and studies,90282
Canada,Earned doctorate,60 years and over,Female,Health care,129581
Canada,Earned doctorate,60 years and over,Female,Education and teaching,114829
Canada,Earned doctorate,60 years and over,Female,"Trades, services, natural resources and conservation",119224
